<?xml version="1.0" encoding="UTF-8"?>
<GenRun Id="impl_1" LaunchPart="xc7a100tcsg324-1" LaunchTime="1647308969">
  <File Type="ROUTE-PWR" Name="firstquestion_power_routed.rpt"/>
  <File Type="PA-TCL" Name="firstquestion.tcl"/>
  <File Type="BITSTR-MMI" Name="firstquestion.mmi"/>
  <File Type="OPT-METHODOLOGY-DRC" Name="firstquestion_methodology_drc_opted.rpt"/>
  <File Type="INIT-TIMING" Name="firstquestion_timing_summary_init.rpt"/>
  <File Type="ROUTE-PWR-SUM" Name="firstquestion_power_summary_routed.pb"/>
  <File Type="REPORTS-TCL" Name="firstquestion_reports.tcl"/>
  <File Type="OPT-TIMING" Name="firstquestion_timing_summary_opted.rpt"/>
  <File Type="OPT-DCP" Name="firstquestion_opt.dcp"/>
  <File Type="OPT-DRC" Name="firstquestion_drc_opted.rpt"/>
  <File Type="OPT-HWDEF" Name="firstquestion.hwdef"/>
  <File Type="PWROPT-DCP" Name="firstquestion_pwropt.dcp"/>
  <File Type="PWROPT-DRC" Name="firstquestion_drc_pwropted.rpt"/>
  <File Type="PWROPT-TIMING" Name="firstquestion_timing_summary_pwropted.rpt"/>
  <File Type="PLACE-DCP" Name="firstquestion_placed.dcp"/>
  <File Type="PLACE-IO" Name="firstquestion_io_placed.rpt"/>
  <File Type="PLACE-CLK" Name="firstquestion_clock_utilization_placed.rpt"/>
  <File Type="PLACE-UTIL" Name="firstquestion_utilization_placed.rpt"/>
  <File Type="PLACE-UTIL-PB" Name="firstquestion_utilization_placed.pb"/>
  <File Type="PLACE-CTRL" Name="firstquestion_control_sets_placed.rpt"/>
  <File Type="PLACE-SIMILARITY" Name="firstquestion_incremental_reuse_placed.rpt"/>
  <File Type="PLACE-PRE-SIMILARITY" Name="firstquestion_incremental_reuse_pre_placed.rpt"/>
  <File Type="BG-BIN" Name="firstquestion.bin"/>
  <File Type="PLACE-TIMING" Name="firstquestion_timing_summary_placed.rpt"/>
  <File Type="POSTPLACE-PWROPT-DCP" Name="firstquestion_postplace_pwropt.dcp"/>
  <File Type="BITSTR-MSK" Name="firstquestion.msk"/>
  <File Type="POSTPLACE-PWROPT-TIMING" Name="firstquestion_timing_summary_postplace_pwropted.rpt"/>
  <File Type="PHYSOPT-DCP" Name="firstquestion_physopt.dcp"/>
  <File Type="PHYSOPT-DRC" Name="firstquestion_drc_physopted.rpt"/>
  <File Type="BITSTR-RBT" Name="firstquestion.rbt"/>
  <File Type="PHYSOPT-TIMING" Name="firstquestion_timing_summary_physopted.rpt"/>
  <File Type="ROUTE-ERROR-DCP" Name="firstquestion_routed_error.dcp"/>
  <File Type="ROUTE-DCP" Name="firstquestion_routed.dcp"/>
  <File Type="ROUTE-BLACKBOX-DCP" Name="firstquestion_routed_bb.dcp"/>
  <File Type="ROUTE-DRC" Name="firstquestion_drc_routed.rpt"/>
  <File Type="ROUTE-DRC-PB" Name="firstquestion_drc_routed.pb"/>
  <File Type="ROUTE-DRC-RPX" Name="firstquestion_drc_routed.rpx"/>
  <File Type="ROUTE-METHODOLOGY-DRC" Name="firstquestion_methodology_drc_routed.rpt"/>
  <File Type="ROUTE-METHODOLOGY-DRC-RPX" Name="firstquestion_methodology_drc_routed.rpx"/>
  <File Type="ROUTE-METHODOLOGY-DRC-PB" Name="firstquestion_methodology_drc_routed.pb"/>
  <File Type="ROUTE-PWR-RPX" Name="firstquestion_power_routed.rpx"/>
  <File Type="ROUTE-STATUS" Name="firstquestion_route_status.rpt"/>
  <File Type="ROUTE-STATUS-PB" Name="firstquestion_route_status.pb"/>
  <File Type="ROUTE-TIMINGSUMMARY" Name="firstquestion_timing_summary_routed.rpt"/>
  <File Type="ROUTE-TIMING-PB" Name="firstquestion_timing_summary_routed.pb"/>
  <File Type="ROUTE-TIMING-RPX" Name="firstquestion_timing_summary_routed.rpx"/>
  <File Type="ROUTE-SIMILARITY" Name="firstquestion_incremental_reuse_routed.rpt"/>
  <File Type="ROUTE-CLK" Name="firstquestion_clock_utilization_routed.rpt"/>
  <File Type="ROUTE-BUS-SKEW" Name="firstquestion_bus_skew_routed.rpt"/>
  <File Type="ROUTE-BUS-SKEW-PB" Name="firstquestion_bus_skew_routed.pb"/>
  <File Type="ROUTE-BUS-SKEW-RPX" Name="firstquestion_bus_skew_routed.rpx"/>
  <File Type="POSTROUTE-PHYSOPT-DCP" Name="firstquestion_postroute_physopt.dcp"/>
  <File Type="POSTROUTE-PHYSOPT-BLACKBOX-DCP" Name="firstquestion_postroute_physopt_bb.dcp"/>
  <File Type="POSTROUTE-PHYSOPT-TIMING" Name="firstquestion_timing_summary_postroute_physopted.rpt"/>
  <File Type="POSTROUTE-PHYSOPT-TIMING-PB" Name="firstquestion_timing_summary_postroute_physopted.pb"/>
  <File Type="POSTROUTE-PHYSOPT-TIMING-RPX" Name="firstquestion_timing_summary_postroute_physopted.rpx"/>
  <File Type="POSTROUTE-PHYSOPT-BUS-SKEW" Name="firstquestion_bus_skew_postroute_physopted.rpt"/>
  <File Type="BG-BIT" Name="firstquestion.bit"/>
  <File Type="POSTROUTE-PHYSOPT-BUS-SKEW-PB" Name="firstquestion_bus_skew_postroute_physopted.pb"/>
  <File Type="POSTROUTE-PHYSOPT-BUS-SKEW-RPX" Name="firstquestion_bus_skew_postroute_physopted.rpx"/>
  <File Type="BITSTR-NKY" Name="firstquestion.nky"/>
  <File Type="BITSTR-BMM" Name="firstquestion_bd.bmm"/>
  <File Type="PDI-FILE" Name="firstquestion.pdi"/>
  <File Type="RCFI_FILE" Name="firstquestion.rcfi"/>
  <File Type="CFI_FILE" Name="firstquestion.cfi"/>
  <File Type="RNPI_FILE" Name="firstquestion.rnpi"/>
  <File Type="NPI_FILE" Name="firstquestion.npi"/>
  <File Type="RBD_FILE" Name="firstquestion.rbd"/>
  <File Type="BITSTR-LTX" Name="debug_nets.ltx"/>
  <File Type="BITSTR-LTX" Name="firstquestion.ltx"/>
  <File Type="BITSTR-SYSDEF" Name="firstquestion.sysdef"/>
  <File Type="BG-BGN" Name="firstquestion.bgn"/>
  <File Type="BG-DRC" Name="firstquestion.drc"/>
  <File Type="RDI-RDI" Name="firstquestion.vdi"/>
  <File Type="WBT-USG" Name="usage_statistics_webtalk.html"/>
  <FileSet Name="sources" Type="DesignSrcs" RelSrcDir="$PSRCDIR/sources_1" RelGenDir="$PGENDIR/sources_1">
    <Filter Type="Srcs"/>
    <File Path="$PPRDIR/../Downloads/firstquestion.vhd">
      <FileInfo>
        <Attr Name="UsedIn" Val="synthesis"/>
        <Attr Name="UsedIn" Val="simulation"/>
      </FileInfo>
    </File>
    <Config>
      <Option Name="DesignMode" Val="RTL"/>
      <Option Name="TopModule" Val="firstquestion"/>
      <Option Name="TopAutoSet" Val="TRUE"/>
    </Config>
  </FileSet>
  <FileSet Name="constrs_in" Type="Constrs" RelSrcDir="$PSRCDIR/constrs_1">
    <Filter Type="Constrs"/>
    <File Path="$PPRDIR/../Downloads/firstquestion.xdc">
      <FileInfo>
        <Attr Name="UsedIn" Val="synthesis"/>
        <Attr Name="UsedIn" Val="implementation"/>
      </FileInfo>
    </File>
    <Config>
      <Option Name="ConstrsType" Val="XDC"/>
    </Config>
  </FileSet>
  <FileSet Name="utils" Type="Utils" RelSrcDir="$PSRCDIR/utils_1">
    <Filter Type="Utils"/>
    <File Path="$PSRCDIR/utils_1/imports/synth_1/firstquestion.dcp">
      <FileInfo>
        <Attr Name="UsedIn" Val="synthesis"/>
        <Attr Name="UsedIn" Val="implementation"/>
        <Attr Name="UsedInSteps" Val="synth_1"/>
        <Attr Name="AutoDcp" Val="1"/>
      </FileInfo>
    </File>
    <Config>
      <Option Name="TopAutoSet" Val="TRUE"/>
    </Config>
  </FileSet>
  <Strategy Version="1" Minor="2">
    <StratHandle Name="Vivado Implementation Defaults" Flow="Vivado Implementation 2021"/>
    <Step Id="init_design"/>
    <Step Id="opt_design"/>
    <Step Id="power_opt_design"/>
    <Step Id="place_design"/>
    <Step Id="post_place_power_opt_design"/>
    <Step Id="phys_opt_design"/>
    <Step Id="route_design"/>
    <Step Id="post_route_phys_opt_design"/>
    <Step Id="write_bitstream"/>
  </Strategy>
</GenRun>
