<?xml version="1.0" encoding="UTF-8"?>
<GenRun Id="impl_1" LaunchPart="xc7a100tcsg324-1" LaunchTime="1647310225">
  <File Type="ROUTE-PWR" Name="secondquestion_power_routed.rpt"/>
  <File Type="PA-TCL" Name="secondquestion.tcl"/>
  <File Type="BITSTR-MMI" Name="secondquestion.mmi"/>
  <File Type="OPT-METHODOLOGY-DRC" Name="secondquestion_methodology_drc_opted.rpt"/>
  <File Type="INIT-TIMING" Name="secondquestion_timing_summary_init.rpt"/>
  <File Type="ROUTE-PWR-SUM" Name="secondquestion_power_summary_routed.pb"/>
  <File Type="REPORTS-TCL" Name="secondquestion_reports.tcl"/>
  <File Type="OPT-TIMING" Name="secondquestion_timing_summary_opted.rpt"/>
  <File Type="OPT-DCP" Name="secondquestion_opt.dcp"/>
  <File Type="OPT-DRC" Name="secondquestion_drc_opted.rpt"/>
  <File Type="OPT-HWDEF" Name="secondquestion.hwdef"/>
  <File Type="PWROPT-DCP" Name="secondquestion_pwropt.dcp"/>
  <File Type="PWROPT-DRC" Name="secondquestion_drc_pwropted.rpt"/>
  <File Type="PWROPT-TIMING" Name="secondquestion_timing_summary_pwropted.rpt"/>
  <File Type="PLACE-DCP" Name="secondquestion_placed.dcp"/>
  <File Type="PLACE-IO" Name="secondquestion_io_placed.rpt"/>
  <File Type="PLACE-CLK" Name="secondquestion_clock_utilization_placed.rpt"/>
  <File Type="PLACE-UTIL" Name="secondquestion_utilization_placed.rpt"/>
  <File Type="PLACE-UTIL-PB" Name="secondquestion_utilization_placed.pb"/>
  <File Type="PLACE-CTRL" Name="secondquestion_control_sets_placed.rpt"/>
  <File Type="PLACE-SIMILARITY" Name="secondquestion_incremental_reuse_placed.rpt"/>
  <File Type="PLACE-PRE-SIMILARITY" Name="secondquestion_incremental_reuse_pre_placed.rpt"/>
  <File Type="BG-BIN" Name="secondquestion.bin"/>
  <File Type="PLACE-TIMING" Name="secondquestion_timing_summary_placed.rpt"/>
  <File Type="POSTPLACE-PWROPT-DCP" Name="secondquestion_postplace_pwropt.dcp"/>
  <File Type="BITSTR-MSK" Name="secondquestion.msk"/>
  <File Type="POSTPLACE-PWROPT-TIMING" Name="secondquestion_timing_summary_postplace_pwropted.rpt"/>
  <File Type="PHYSOPT-DCP" Name="secondquestion_physopt.dcp"/>
  <File Type="PHYSOPT-DRC" Name="secondquestion_drc_physopted.rpt"/>
  <File Type="BITSTR-RBT" Name="secondquestion.rbt"/>
  <File Type="PHYSOPT-TIMING" Name="secondquestion_timing_summary_physopted.rpt"/>
  <File Type="ROUTE-ERROR-DCP" Name="secondquestion_routed_error.dcp"/>
  <File Type="ROUTE-DCP" Name="secondquestion_routed.dcp"/>
  <File Type="ROUTE-BLACKBOX-DCP" Name="secondquestion_routed_bb.dcp"/>
  <File Type="ROUTE-DRC" Name="secondquestion_drc_routed.rpt"/>
  <File Type="ROUTE-DRC-PB" Name="secondquestion_drc_routed.pb"/>
  <File Type="ROUTE-DRC-RPX" Name="secondquestion_drc_routed.rpx"/>
  <File Type="ROUTE-METHODOLOGY-DRC" Name="secondquestion_methodology_drc_routed.rpt"/>
  <File Type="ROUTE-METHODOLOGY-DRC-RPX" Name="secondquestion_methodology_drc_routed.rpx"/>
  <File Type="ROUTE-METHODOLOGY-DRC-PB" Name="secondquestion_methodology_drc_routed.pb"/>
  <File Type="ROUTE-PWR-RPX" Name="secondquestion_power_routed.rpx"/>
  <File Type="ROUTE-STATUS" Name="secondquestion_route_status.rpt"/>
  <File Type="ROUTE-STATUS-PB" Name="secondquestion_route_status.pb"/>
  <File Type="ROUTE-TIMINGSUMMARY" Name="secondquestion_timing_summary_routed.rpt"/>
  <File Type="ROUTE-TIMING-PB" Name="secondquestion_timing_summary_routed.pb"/>
  <File Type="ROUTE-TIMING-RPX" Name="secondquestion_timing_summary_routed.rpx"/>
  <File Type="ROUTE-SIMILARITY" Name="secondquestion_incremental_reuse_routed.rpt"/>
  <File Type="ROUTE-CLK" Name="secondquestion_clock_utilization_routed.rpt"/>
  <File Type="ROUTE-BUS-SKEW" Name="secondquestion_bus_skew_routed.rpt"/>
  <File Type="ROUTE-BUS-SKEW-PB" Name="secondquestion_bus_skew_routed.pb"/>
  <File Type="ROUTE-BUS-SKEW-RPX" Name="secondquestion_bus_skew_routed.rpx"/>
  <File Type="POSTROUTE-PHYSOPT-DCP" Name="secondquestion_postroute_physopt.dcp"/>
  <File Type="POSTROUTE-PHYSOPT-BLACKBOX-DCP" Name="secondquestion_postroute_physopt_bb.dcp"/>
  <File Type="POSTROUTE-PHYSOPT-TIMING" Name="secondquestion_timing_summary_postroute_physopted.rpt"/>
  <File Type="POSTROUTE-PHYSOPT-TIMING-PB" Name="secondquestion_timing_summary_postroute_physopted.pb"/>
  <File Type="POSTROUTE-PHYSOPT-TIMING-RPX" Name="secondquestion_timing_summary_postroute_physopted.rpx"/>
  <File Type="POSTROUTE-PHYSOPT-BUS-SKEW" Name="secondquestion_bus_skew_postroute_physopted.rpt"/>
  <File Type="BG-BIT" Name="secondquestion.bit"/>
  <File Type="POSTROUTE-PHYSOPT-BUS-SKEW-PB" Name="secondquestion_bus_skew_postroute_physopted.pb"/>
  <File Type="POSTROUTE-PHYSOPT-BUS-SKEW-RPX" Name="secondquestion_bus_skew_postroute_physopted.rpx"/>
  <File Type="BITSTR-NKY" Name="secondquestion.nky"/>
  <File Type="BITSTR-BMM" Name="secondquestion_bd.bmm"/>
  <File Type="PDI-FILE" Name="secondquestion.pdi"/>
  <File Type="RCFI_FILE" Name="secondquestion.rcfi"/>
  <File Type="CFI_FILE" Name="secondquestion.cfi"/>
  <File Type="RNPI_FILE" Name="secondquestion.rnpi"/>
  <File Type="NPI_FILE" Name="secondquestion.npi"/>
  <File Type="RBD_FILE" Name="secondquestion.rbd"/>
  <File Type="BITSTR-LTX" Name="debug_nets.ltx"/>
  <File Type="BITSTR-LTX" Name="secondquestion.ltx"/>
  <File Type="BITSTR-SYSDEF" Name="secondquestion.sysdef"/>
  <File Type="BG-BGN" Name="secondquestion.bgn"/>
  <File Type="BG-DRC" Name="secondquestion.drc"/>
  <File Type="RDI-RDI" Name="secondquestion.vdi"/>
  <File Type="WBT-USG" Name="usage_statistics_webtalk.html"/>
  <FileSet Name="sources" Type="DesignSrcs" RelSrcDir="$PSRCDIR/sources_1" RelGenDir="$PGENDIR/sources_1">
    <Filter Type="Srcs"/>
    <File Path="$PSRCDIR/sources_1/imports/new/secondquestion.vhd">
      <FileInfo>
        <Attr Name="ImportPath" Val="$PPRDIR/../project_1/project_1.srcs/sources_1/new/secondquestion.vhd"/>
        <Attr Name="ImportTime" Val="1646365961"/>
        <Attr Name="UsedIn" Val="synthesis"/>
        <Attr Name="UsedIn" Val="simulation"/>
      </FileInfo>
    </File>
    <Config>
      <Option Name="DesignMode" Val="RTL"/>
      <Option Name="TopModule" Val="secondquestion"/>
      <Option Name="TopAutoSet" Val="TRUE"/>
    </Config>
  </FileSet>
  <FileSet Name="constrs_in" Type="Constrs" RelSrcDir="$PSRCDIR/constrs_1">
    <Filter Type="Constrs"/>
    <File Path="$PSRCDIR/constrs_1/imports/Downloads/secondquestion.xdc">
      <FileInfo>
        <Attr Name="ImportPath" Val="$PPRDIR/../project_1/project_1.srcs/constrs_1/imports/Downloads/secondquestion.xdc"/>
        <Attr Name="ImportTime" Val="1646365662"/>
        <Attr Name="UsedIn" Val="synthesis"/>
        <Attr Name="UsedIn" Val="implementation"/>
      </FileInfo>
    </File>
    <Config>
      <Option Name="ConstrsType" Val="XDC"/>
    </Config>
  </FileSet>
  <FileSet Name="utils" Type="Utils" RelSrcDir="$PSRCDIR/utils_1">
    <Filter Type="Utils"/>
    <File Path="$PPRDIR/../../../../../../../../secondquestion/secondquestion.srcs/utils_1/imports/synth_1/secondquestion.dcp">
      <FileInfo>
        <Attr Name="UsedIn" Val="synthesis"/>
        <Attr Name="UsedIn" Val="implementation"/>
        <Attr Name="UsedInSteps" Val="synth_1"/>
        <Attr Name="AutoDcp" Val="1"/>
      </FileInfo>
    </File>
    <Config>
      <Option Name="TopAutoSet" Val="TRUE"/>
    </Config>
  </FileSet>
  <Strategy Version="1" Minor="2">
    <StratHandle Name="Vivado Implementation Defaults" Flow="Vivado Implementation 2021"/>
    <Step Id="init_design"/>
    <Step Id="opt_design"/>
    <Step Id="power_opt_design"/>
    <Step Id="place_design"/>
    <Step Id="post_place_power_opt_design"/>
    <Step Id="phys_opt_design"/>
    <Step Id="route_design"/>
    <Step Id="post_route_phys_opt_design"/>
    <Step Id="write_bitstream"/>
  </Strategy>
</GenRun>
