<?xml version="1.0" encoding="UTF-8"?>
<GenRun Id="synth_1" LaunchPart="xc7a100tcsg324-1" LaunchTime="1647310224" LaunchIncrCheckpoint="$PPRDIR/../../../../../../../../secondquestion/secondquestion.srcs/utils_1/imports/synth_1/secondquestion.dcp">
  <File Type="PA-TCL" Name="secondquestion.tcl"/>
  <File Type="RDS-PROPCONSTRS" Name="secondquestion_drc_synth.rpt"/>
  <File Type="REPORTS-TCL" Name="secondquestion_reports.tcl"/>
  <File Type="RDS-RDS" Name="secondquestion.vds"/>
  <File Type="RDS-UTIL" Name="secondquestion_utilization_synth.rpt"/>
  <File Type="RDS-UTIL-PB" Name="secondquestion_utilization_synth.pb"/>
  <File Type="RDS-DCP" Name="secondquestion.dcp"/>
  <File Type="VDS-TIMINGSUMMARY" Name="secondquestion_timing_summary_synth.rpt"/>
  <File Type="VDS-TIMING-PB" Name="secondquestion_timing_summary_synth.pb"/>
  <FileSet Name="sources" Type="DesignSrcs" RelSrcDir="$PSRCDIR/sources_1" RelGenDir="$PGENDIR/sources_1">
    <Filter Type="Srcs"/>
    <File Path="$PSRCDIR/sources_1/imports/new/secondquestion.vhd">
      <FileInfo>
        <Attr Name="ImportPath" Val="$PPRDIR/../project_1/project_1.srcs/sources_1/new/secondquestion.vhd"/>
        <Attr Name="ImportTime" Val="1646365961"/>
        <Attr Name="UsedIn" Val="synthesis"/>
        <Attr Name="UsedIn" Val="simulation"/>
      </FileInfo>
    </File>
    <Config>
      <Option Name="DesignMode" Val="RTL"/>
      <Option Name="TopModule" Val="secondquestion"/>
      <Option Name="TopAutoSet" Val="TRUE"/>
    </Config>
  </FileSet>
  <FileSet Name="constrs_in" Type="Constrs" RelSrcDir="$PSRCDIR/constrs_1">
    <Filter Type="Constrs"/>
    <File Path="$PSRCDIR/constrs_1/imports/Downloads/secondquestion.xdc">
      <FileInfo>
        <Attr Name="ImportPath" Val="$PPRDIR/../project_1/project_1.srcs/constrs_1/imports/Downloads/secondquestion.xdc"/>
        <Attr Name="ImportTime" Val="1646365662"/>
        <Attr Name="UsedIn" Val="synthesis"/>
        <Attr Name="UsedIn" Val="implementation"/>
      </FileInfo>
    </File>
    <Config>
      <Option Name="ConstrsType" Val="XDC"/>
    </Config>
  </FileSet>
  <FileSet Name="utils" Type="Utils" RelSrcDir="$PSRCDIR/utils_1">
    <Filter Type="Utils"/>
    <File Path="$PPRDIR/../../../../../../../../secondquestion/secondquestion.srcs/utils_1/imports/synth_1/secondquestion.dcp">
      <FileInfo>
        <Attr Name="UsedIn" Val="synthesis"/>
        <Attr Name="UsedIn" Val="implementation"/>
        <Attr Name="UsedInSteps" Val="synth_1"/>
        <Attr Name="AutoDcp" Val="1"/>
      </FileInfo>
    </File>
    <Config>
      <Option Name="TopAutoSet" Val="TRUE"/>
    </Config>
  </FileSet>
  <Strategy Version="1" Minor="2">
    <StratHandle Name="Vivado Synthesis Defaults" Flow="Vivado Synthesis 2021"/>
    <Step Id="synth_design"/>
  </Strategy>
</GenRun>
